price,name,dealer,city
"$24,500",2017 Nissan Rogue,"Alberta Truck & Auto Liquidators
Edmonton, AB","Edmonton, AB"
"$121,980",2021 Mercedes-Benz GLE,"Sherwood Motorcars
Sherwood Park, AB","Sherwood Park, AB"
"$74,480",2018 Mercedes-Benz S-Class,"Sherwood Motorcars
Sherwood Park, AB","Sherwood Park, AB"
"$19,988",2018 Dodge Grand Caravan,"Auto House
Calgary, AB","Calgary, AB"
"$19,988",2018 Hyundai Sonata,"Auto House
Calgary, AB","Calgary, AB"
"$31,389",2024 Chevrolet Trax,"Capital Chevrolet Buick GMC Calgary
Calgary, AB




 


Buy From Home Options","Calgary, AB"
"$43,325",2024 Chevrolet Equinox,"Capital Chevrolet Buick GMC Calgary
Calgary, AB




 


Buy From Home Options","Calgary, AB"
"$124,390",2023 Ford F-350,"Drayton Valley Ford
Drayton Valley, AB




 


Buy From Home Options","Drayton Valley, AB"
"$21,997",2017 Subaru Impreza,"Honda Red Deer
Red Deer, AB




 


Buy From Home Options","Red Deer, AB"
"$42,997",2019 Volkswagen Atlas,"Honda Red Deer
Red Deer, AB




 


Buy From Home Options","Red Deer, AB"
"$44,997",2019 Volkswagen Atlas,"Honda Red Deer
Red Deer, AB




 


Buy From Home Options","Red Deer, AB"
"$91,225",2023 Ford F-150,"Lamb Ford
Camrose, AB","Camrose, AB"
"$58,271",2024 Ford Edge,"Lamb Ford
Camrose, AB","Camrose, AB"
"$58,271",2024 Ford Edge,"Lamb Ford
Camrose, AB","Camrose, AB"
"$41,220",2023 Ford Escape,"Lamb Ford
Camrose, AB","Camrose, AB"
"$42,999",2023 Ford Bronco Sport,"Lamb Ford
Camrose, AB","Camrose, AB"
"$71,999",2022 Ford F-150,"Lamb Ford
Camrose, AB","Camrose, AB"
"$13,997",2014 Dodge Dart,"Go Dodge Southtown Chrysler
Edmonton, AB","Edmonton, AB"
"$1,900",1986 Suzuki Intruder,"Regal Auctions Ltd.
Calgary, AB","Calgary, AB"
"$18,500",2016 Jaguar XF,"Regal Auctions Ltd.
Calgary, AB","Calgary, AB"
"$14,700",2015 Toyota RAV4,"Regal Auctions Ltd.
Calgary, AB","Calgary, AB"
"$15,000",2015 Kia Rondo,"Regal Auctions Ltd.
Calgary, AB","Calgary, AB"
"$3,000",2006 Ford F-150,"Regal Auctions Ltd.
Calgary, AB","Calgary, AB"
"$11,500",2017 Jeep Patriot,"Regal Auctions Ltd.
Calgary, AB","Calgary, AB"
"$38,000",2022 RAM 1500 Classic,"Regal Auctions Ltd.
Calgary, AB","Calgary, AB"
"$4,500",2016 Jeep Patriot,"Regal Auctions Ltd.
Calgary, AB","Calgary, AB"
"$24,000",2020 Ford Fusion,"Regal Auctions Ltd.
Calgary, AB","Calgary, AB"
"$11,000",2015 Nissan Titan PRO-4X,"Regal Auctions Ltd.
Calgary, AB","Calgary, AB"
"$38,000",2021 RAM 1500,"Regal Auctions Ltd.
Calgary, AB","Calgary, AB"
"$51,995",2021 Toyota Tacoma,"Park Mazda
Sherwood Park, AB




 


Buy From Home Options","Sherwood Park, AB"
"$39,995",2022 BMW X2,"Park Mazda
Sherwood Park, AB




 


Buy From Home Options","Sherwood Park, AB"
"$20,995",2017 Hyundai Tucson,"Park Mazda
Sherwood Park, AB




 


Buy From Home Options","Sherwood Park, AB"
"$31,495",2021 Mazda CX-3,"Park Mazda
Sherwood Park, AB




 


Buy From Home Options","Sherwood Park, AB"
"$29,999",2020 Mitsubishi Eclipse,"Park Mazda
Sherwood Park, AB




 


Buy From Home Options","Sherwood Park, AB"
"$31,995",2021 Mazda CX-3,"Park Mazda
Sherwood Park, AB




 


Buy From Home Options","Sherwood Park, AB"
"$35,999",2020 Honda Accord,"Park Mazda
Sherwood Park, AB




 


Buy From Home Options","Sherwood Park, AB"
"$36,995",2020 Volkswagen Tiguan,"Park Mazda
Sherwood Park, AB




 


Buy From Home Options","Sherwood Park, AB"
"$20,995",2017 Ford Escape,"Park Mazda
Sherwood Park, AB




 


Buy From Home Options","Sherwood Park, AB"
"$37,995",2022 GMC Terrain,"Park Mazda
Sherwood Park, AB




 


Buy From Home Options","Sherwood Park, AB"
"$27,500",2018 Honda HR-V,"Alberta Truck & Auto Liquidators
Edmonton, AB","Edmonton, AB"
"$28,990",2021 Hyundai Elantra,"Car Zone
Calgary, AB




 


Buy From Home Options","Calgary, AB"
"$48,890",2024 Hyundai Santa Cruz,"Precision Hyundai
Calgary, AB","Calgary, AB"
"$11,990",2010 Hyundai Elantra,"Precision Hyundai
Calgary, AB","Calgary, AB"
"$16,990",2016 Hyundai Elantra,"Precision Hyundai
Calgary, AB","Calgary, AB"
"$41,990",2020 Mazda CX-9,"Precision Hyundai
Calgary, AB","Calgary, AB"
"$28,990",2019 Hyundai Santa Fe,"Precision Hyundai
Calgary, AB","Calgary, AB"
"$92,977",2023 GMC Sierra 1500,"Capital Chevrolet Buick GMC Calgary
Calgary, AB




 


Buy From Home Options","Calgary, AB"
"$38,453",2023 Chevrolet TrailBlazer,"Capital Chevrolet Buick GMC Calgary
Calgary, AB




 


Buy From Home Options","Calgary, AB"
"$131,660",2024 GMC Sierra 3500,"Capital Chevrolet Buick GMC Calgary
Calgary, AB




 


Buy From Home Options","Calgary, AB"
"$118,190",2023 Ford F-350,"Lacombe Ford
Lacombe, AB




 


Buy From Home Options","Lacombe, AB"
